date,gold_price,currency,market_region,source_type
2020-01-01,58.26,USD,Global,market_close
2020-01-02,58.15,USD,Global,market_close
2020-01-03,58.45,USD,Global,market_close
2020-01-06,58.43,USD,Global,market_close
2020-01-07,58.22,USD,Global,market_close
2020-01-08,58.38,USD,Global,market_close
2020-01-09,58.14,USD,Global,market_close
2020-01-10,58.59,USD,Global,market_close
2020-01-13,58.55,USD,Global,market_close
2020-01-14,58.87,USD,Global,market_close
2020-01-15,59.26,USD,Global,market_close
2020-01-16,59.74,USD,Global,market_close
2020-01-17,60.29,USD,Global,market_close
2020-01-20,60.16,USD,Global,market_close
2020-01-21,60.51,USD,Global,market_close
2020-01-22,60.85,USD,Global,market_close
2020-01-23,60.91,USD,Global,market_close
2020-01-24,60.72,USD,Global,market_close
2020-01-27,60.49,USD,Global,market_close
2020-01-28,60.27,USD,Global,market_close
2020-01-29,60.39,USD,Global,market_close
2020-01-30,60.35,USD,Global,market_close
2020-01-31,60.54,USD,Global,market_close
2020-02-03,60.07,USD,Global,market_close
2020-02-04,59.91,USD,Global,market_close
2020-02-05,60.06,USD,Global,market_close
2020-02-06,60.03,USD,Global,market_close
2020-02-07,60.34,USD,Global,market_close
2020-02-10,60.53,USD,Global,market_close
2020-02-11,60.92,USD,Global,market_close
2020-02-12,60.85,USD,Global,market_close
2020-02-13,60.95,USD,Global,market_close
2020-02-14,61.36,USD,Global,market_close
2020-02-17,61.37,USD,Global,market_close
2020-02-18,60.99,USD,Global,market_close
2020-02-19,61.29,USD,Global,market_close
2020-02-20,61.07,USD,Global,market_close
2020-02-21,61.33,USD,Global,market_close
2020-02-24,61.15,USD,Global,market_close
2020-02-25,60.97,USD,Global,market_close
2020-02-26,60.67,USD,Global,market_close
2020-02-27,61.02,USD,Global,market_close
2020-02-28,61.15,USD,Global,market_close
2020-03-02,61.05,USD,Global,market_close
2020-03-03,61.25,USD,Global,market_close
2020-03-04,61.63,USD,Global,market_close
2020-03-05,62.01,USD,Global,market_close
2020-03-06,62.04,USD,Global,market_close
2020-03-09,61.82,USD,Global,market_close
2020-03-10,62.09,USD,Global,market_close
2020-03-11,62.2,USD,Global,market_close
2020-03-12,62.29,USD,Global,market_close
2020-03-13,62.48,USD,Global,market_close
2020-03-16,62.43,USD,Global,market_close
2020-03-17,62.52,USD,Global,market_close
2020-03-18,62.45,USD,Global,market_close
2020-03-19,62.43,USD,Global,market_close
2020-03-20,62.44,USD,Global,market_close
2020-03-23,62.11,USD,Global,market_close
2020-03-24,61.96,USD,Global,market_close
2020-03-25,62.02,USD,Global,market_close
2020-03-26,62.66,USD,Global,market_close
2020-03-27,62.78,USD,Global,market_close
2020-03-30,63.13,USD,Global,market_close
2020-03-31,63.0,USD,Global,market_close
2020-04-01,63.12,USD,Global,market_close
2020-04-02,63.61,USD,Global,market_close
2020-04-03,63.71,USD,Global,market_close
2020-04-06,64.09,USD,Global,market_close
2020-04-07,64.0,USD,Global,market_close
2020-04-08,64.12,USD,Global,market_close
2020-04-09,64.1,USD,Global,market_close
2020-04-10,64.29,USD,Global,market_close
2020-04-13,64.65,USD,Global,market_close
2020-04-14,64.8,USD,Global,market_close
2020-04-15,64.91,USD,Global,market_close
2020-04-16,64.58,USD,Global,market_close
2020-04-17,64.72,USD,Global,market_close
2020-04-20,64.99,USD,Global,market_close
2020-04-21,64.95,USD,Global,market_close
2020-04-22,65.21,USD,Global,market_close
2020-04-23,64.91,USD,Global,market_close
2020-04-24,65.11,USD,Global,market_close
2020-04-27,65.08,USD,Global,market_close
2020-04-28,65.42,USD,Global,market_close
2020-04-29,65.48,USD,Global,market_close
2020-04-30,65.91,USD,Global,market_close
2020-05-01,66.2,USD,Global,market_close
2020-05-04,66.29,USD,Global,market_close
2020-05-05,66.63,USD,Global,market_close
2020-05-06,66.32,USD,Global,market_close
2020-05-07,66.31,USD,Global,market_close
2020-05-08,66.61,USD,Global,market_close
2020-05-11,66.46,USD,Global,market_close
2020-05-12,66.3,USD,Global,market_close
2020-05-13,66.27,USD,Global,market_close
2020-05-14,66.42,USD,Global,market_close
2020-05-15,67.15,USD,Global,market_close
2020-05-18,67.55,USD,Global,market_close
2020-05-19,67.32,USD,Global,market_close
2020-05-20,67.25,USD,Global,market_close
2020-05-21,67.58,USD,Global,market_close
2020-05-22,67.86,USD,Global,market_close
2020-05-25,68.0,USD,Global,market_close
2020-05-26,68.14,USD,Global,market_close
2020-05-27,68.41,USD,Global,market_close
2020-05-28,68.84,USD,Global,market_close
2020-05-29,68.97,USD,Global,market_close
2020-06-01,69.56,USD,Global,market_close
2020-06-02,70.09,USD,Global,market_close
2020-06-03,70.02,USD,Global,market_close
2020-06-04,70.39,USD,Global,market_close
2020-06-05,70.37,USD,Global,market_close
2020-06-08,70.38,USD,Global,market_close
2020-06-09,70.72,USD,Global,market_close
2020-06-10,71.0,USD,Global,market_close
2020-06-11,70.38,USD,Global,market_close
2020-06-12,70.5,USD,Global,market_close
2020-06-15,70.84,USD,Global,market_close
2020-06-16,70.37,USD,Global,market_close
2020-06-17,70.86,USD,Global,market_close
2020-06-18,71.13,USD,Global,market_close
2020-06-19,71.58,USD,Global,market_close
2020-06-22,71.38,USD,Global,market_close
2020-06-23,71.69,USD,Global,market_close
2020-06-24,71.94,USD,Global,market_close
2020-06-25,71.94,USD,Global,market_close
2020-06-26,71.66,USD,Global,market_close
2020-06-29,71.89,USD,Global,market_close
2020-06-30,72.41,USD,Global,market_close
2020-07-01,72.47,USD,Global,market_close
2020-07-02,72.73,USD,Global,market_close
2020-07-03,72.25,USD,Global,market_close
2020-07-06,72.57,USD,Global,market_close
2020-07-07,72.57,USD,Global,market_close
2020-07-08,72.66,USD,Global,market_close
2020-07-09,72.5,USD,Global,market_close
2020-07-10,73.2,USD,Global,market_close
2020-07-13,73.13,USD,Global,market_close
2020-07-14,73.21,USD,Global,market_close
2020-07-15,73.52,USD,Global,market_close
2020-07-16,73.63,USD,Global,market_close
2020-07-17,73.64,USD,Global,market_close
2020-07-20,73.98,USD,Global,market_close
2020-07-21,73.7,USD,Global,market_close
2020-07-22,73.97,USD,Global,market_close
2020-07-23,74.78,USD,Global,market_close
2020-07-24,75.02,USD,Global,market_close
2020-07-27,74.9,USD,Global,market_close
2020-07-28,74.92,USD,Global,market_close
2020-07-29,74.54,USD,Global,market_close
2020-07-30,74.7,USD,Global,market_close
2020-07-31,75.42,USD,Global,market_close
2020-08-03,75.21,USD,Global,market_close
2020-08-04,75.37,USD,Global,market_close
2020-08-05,75.41,USD,Global,market_close
2020-08-06,76.55,USD,Global,market_close
2020-08-07,77.18,USD,Global,market_close
2020-08-10,77.48,USD,Global,market_close
2020-08-11,77.91,USD,Global,market_close
2020-08-12,77.91,USD,Global,market_close
2020-08-13,77.56,USD,Global,market_close
2020-08-14,77.89,USD,Global,market_close
2020-08-17,78.0,USD,Global,market_close
2020-08-18,77.7,USD,Global,market_close
2020-08-19,77.55,USD,Global,market_close
2020-08-20,77.61,USD,Global,market_close
2020-08-21,77.17,USD,Global,market_close
2020-08-24,77.33,USD,Global,market_close
2020-08-25,77.26,USD,Global,market_close
2020-08-26,77.24,USD,Global,market_close
2020-08-27,76.84,USD,Global,market_close
2020-08-28,77.04,USD,Global,market_close
2020-08-31,76.77,USD,Global,market_close
2020-09-01,76.66,USD,Global,market_close
2020-09-02,76.78,USD,Global,market_close
2020-09-03,76.65,USD,Global,market_close
2020-09-04,76.68,USD,Global,market_close
2020-09-07,76.47,USD,Global,market_close
2020-09-08,76.48,USD,Global,market_close
2020-09-09,76.52,USD,Global,market_close
2020-09-10,76.65,USD,Global,market_close
2020-09-11,76.58,USD,Global,market_close
2020-09-14,76.28,USD,Global,market_close
2020-09-15,75.97,USD,Global,market_close
2020-09-16,75.83,USD,Global,market_close
2020-09-17,76.14,USD,Global,market_close
2020-09-18,76.99,USD,Global,market_close
2020-09-21,76.87,USD,Global,market_close
2020-09-22,77.26,USD,Global,market_close
2020-09-23,77.6,USD,Global,market_close
2020-09-24,76.99,USD,Global,market_close
2020-09-25,77.05,USD,Global,market_close
2020-09-28,77.52,USD,Global,market_close
2020-09-29,77.06,USD,Global,market_close
2020-09-30,77.22,USD,Global,market_close
2020-10-01,76.91,USD,Global,market_close
2020-10-02,77.33,USD,Global,market_close
2020-10-05,77.45,USD,Global,market_close
2020-10-06,77.71,USD,Global,market_close
2020-10-07,78.15,USD,Global,market_close
2020-10-08,78.33,USD,Global,market_close
2020-10-09,78.21,USD,Global,market_close
2020-10-12,78.16,USD,Global,market_close
2020-10-13,78.53,USD,Global,market_close
2020-10-14,78.65,USD,Global,market_close
2020-10-15,77.92,USD,Global,market_close
2020-10-16,77.91,USD,Global,market_close
2020-10-19,77.73,USD,Global,market_close
2020-10-20,76.85,USD,Global,market_close
2020-10-21,77.12,USD,Global,market_close
2020-10-22,77.06,USD,Global,market_close
2020-10-23,76.98,USD,Global,market_close
2020-10-26,77.19,USD,Global,market_close
2020-10-27,76.41,USD,Global,market_close
2020-10-28,75.72,USD,Global,market_close
2020-10-29,75.91,USD,Global,market_close
2020-10-30,75.92,USD,Global,market_close
2020-11-02,76.23,USD,Global,market_close
2020-11-03,76.22,USD,Global,market_close
2020-11-04,75.96,USD,Global,market_close
2020-11-05,76.13,USD,Global,market_close
2020-11-06,76.23,USD,Global,market_close
2020-11-09,76.27,USD,Global,market_close
2020-11-10,76.47,USD,Global,market_close
2020-11-11,76.61,USD,Global,market_close
2020-11-12,76.45,USD,Global,market_close
2020-11-13,76.26,USD,Global,market_close
2020-11-16,76.34,USD,Global,market_close
2020-11-17,76.13,USD,Global,market_close
2020-11-18,76.11,USD,Global,market_close
2020-11-19,76.64,USD,Global,market_close
2020-11-20,76.49,USD,Global,market_close
2020-11-23,76.26,USD,Global,market_close
2020-11-24,76.28,USD,Global,market_close
2020-11-25,76.39,USD,Global,market_close
2020-11-26,76.75,USD,Global,market_close
2020-11-27,77.18,USD,Global,market_close
2020-11-30,77.09,USD,Global,market_close
2020-12-01,77.48,USD,Global,market_close
2020-12-02,77.69,USD,Global,market_close
2020-12-03,76.99,USD,Global,market_close
2020-12-04,76.98,USD,Global,market_close
2020-12-07,77.28,USD,Global,market_close
2020-12-08,77.41,USD,Global,market_close
2020-12-09,77.35,USD,Global,market_close
2020-12-10,77.05,USD,Global,market_close
2020-12-11,77.15,USD,Global,market_close
2020-12-14,76.88,USD,Global,market_close
2020-12-15,76.92,USD,Global,market_close
2020-12-16,76.93,USD,Global,market_close
2020-12-17,76.38,USD,Global,market_close
2020-12-18,76.54,USD,Global,market_close
2020-12-21,76.89,USD,Global,market_close
2020-12-22,76.73,USD,Global,market_close
2020-12-23,77.52,USD,Global,market_close
2020-12-24,77.16,USD,Global,market_close
2020-12-25,77.38,USD,Global,market_close
2020-12-28,77.15,USD,Global,market_close
2020-12-29,77.39,USD,Global,market_close
2020-12-30,77.76,USD,Global,market_close
2020-12-31,77.63,USD,Global,market_close
2021-01-01,77.08,USD,Global,market_close
2021-01-04,76.86,USD,Global,market_close
2021-01-05,77.19,USD,Global,market_close
2021-01-06,77.21,USD,Global,market_close
2021-01-07,77.06,USD,Global,market_close
2021-01-08,77.23,USD,Global,market_close
2021-01-11,77.25,USD,Global,market_close
2021-01-12,77.13,USD,Global,market_close
2021-01-13,76.9,USD,Global,market_close
2021-01-14,77.44,USD,Global,market_close
2021-01-15,77.02,USD,Global,market_close
2021-01-18,77.28,USD,Global,market_close
2021-01-19,77.13,USD,Global,market_close
2021-01-20,76.91,USD,Global,market_close
2021-01-21,76.85,USD,Global,market_close
2021-01-22,76.49,USD,Global,market_close
2021-01-25,76.76,USD,Global,market_close
2021-01-26,76.83,USD,Global,market_close
2021-01-27,77.08,USD,Global,market_close
2021-01-28,76.85,USD,Global,market_close
2021-01-29,76.82,USD,Global,market_close
2021-02-01,76.31,USD,Global,market_close
2021-02-02,76.25,USD,Global,market_close
2021-02-03,76.14,USD,Global,market_close
2021-02-04,76.41,USD,Global,market_close
2021-02-05,76.55,USD,Global,market_close
2021-02-08,75.73,USD,Global,market_close
2021-02-09,75.71,USD,Global,market_close
2021-02-10,76.09,USD,Global,market_close
2021-02-11,75.45,USD,Global,market_close
2021-02-12,74.73,USD,Global,market_close
2021-02-15,74.73,USD,Global,market_close
2021-02-16,74.55,USD,Global,market_close
2021-02-17,74.53,USD,Global,market_close
2021-02-18,74.55,USD,Global,market_close
2021-02-19,74.59,USD,Global,market_close
2021-02-22,74.53,USD,Global,market_close
2021-02-23,73.98,USD,Global,market_close
2021-02-24,74.03,USD,Global,market_close
2021-02-25,74.45,USD,Global,market_close
2021-02-26,74.69,USD,Global,market_close
2021-03-01,75.12,USD,Global,market_close
2021-03-02,75.55,USD,Global,market_close
2021-03-03,74.99,USD,Global,market_close
2021-03-04,75.29,USD,Global,market_close
2021-03-05,75.57,USD,Global,market_close
2021-03-08,75.51,USD,Global,market_close
2021-03-09,75.62,USD,Global,market_close
2021-03-10,75.62,USD,Global,market_close
2021-03-11,75.01,USD,Global,market_close
2021-03-12,74.68,USD,Global,market_close
2021-03-15,75.15,USD,Global,market_close
2021-03-16,74.99,USD,Global,market_close
2021-03-17,75.39,USD,Global,market_close
2021-03-18,75.53,USD,Global,market_close
2021-03-19,74.87,USD,Global,market_close
2021-03-22,75.15,USD,Global,market_close
2021-03-23,74.9,USD,Global,market_close
2021-03-24,74.44,USD,Global,market_close
2021-03-25,74.55,USD,Global,market_close
2021-03-26,74.99,USD,Global,market_close
2021-03-29,74.57,USD,Global,market_close
2021-03-30,74.34,USD,Global,market_close
2021-03-31,73.98,USD,Global,market_close
2021-04-01,73.76,USD,Global,market_close
2021-04-02,73.86,USD,Global,market_close
2021-04-05,73.58,USD,Global,market_close
2021-04-06,73.55,USD,Global,market_close
2021-04-07,73.62,USD,Global,market_close
2021-04-08,73.34,USD,Global,market_close
2021-04-09,73.7,USD,Global,market_close
2021-04-12,73.65,USD,Global,market_close
2021-04-13,73.08,USD,Global,market_close
2021-04-14,73.16,USD,Global,market_close
2021-04-15,73.33,USD,Global,market_close
2021-04-16,73.63,USD,Global,market_close
2021-04-19,74.09,USD,Global,market_close
2021-04-20,74.71,USD,Global,market_close
2021-04-21,74.73,USD,Global,market_close
2021-04-22,74.56,USD,Global,market_close
2021-04-23,74.61,USD,Global,market_close
2021-04-26,74.1,USD,Global,market_close
2021-04-27,73.84,USD,Global,market_close
2021-04-28,74.49,USD,Global,market_close
2021-04-29,74.58,USD,Global,market_close
2021-04-30,74.71,USD,Global,market_close
2021-05-03,74.93,USD,Global,market_close
2021-05-04,75.44,USD,Global,market_close
2021-05-05,75.2,USD,Global,market_close
2021-05-06,74.74,USD,Global,market_close
2021-05-07,74.56,USD,Global,market_close
2021-05-10,74.67,USD,Global,market_close
2021-05-11,74.3,USD,Global,market_close
2021-05-12,74.58,USD,Global,market_close
2021-05-13,74.32,USD,Global,market_close
2021-05-14,74.05,USD,Global,market_close
2021-05-17,73.77,USD,Global,market_close
2021-05-18,73.36,USD,Global,market_close
2021-05-19,73.64,USD,Global,market_close
2021-05-20,73.96,USD,Global,market_close
2021-05-21,74.02,USD,Global,market_close
2021-05-24,73.88,USD,Global,market_close
2021-05-25,73.78,USD,Global,market_close
2021-05-26,73.58,USD,Global,market_close
2021-05-27,74.52,USD,Global,market_close
2021-05-28,74.28,USD,Global,market_close
2021-05-31,73.99,USD,Global,market_close
2021-06-01,74.21,USD,Global,market_close
2021-06-02,74.33,USD,Global,market_close
2021-06-03,74.27,USD,Global,market_close
2021-06-04,74.36,USD,Global,market_close
2021-06-07,73.81,USD,Global,market_close
2021-06-08,73.54,USD,Global,market_close
2021-06-09,73.76,USD,Global,market_close
2021-06-10,73.48,USD,Global,market_close
2021-06-11,73.27,USD,Global,market_close
2021-06-14,73.31,USD,Global,market_close
2021-06-15,73.08,USD,Global,market_close
2021-06-16,73.31,USD,Global,market_close
2021-06-17,73.51,USD,Global,market_close
2021-06-18,73.75,USD,Global,market_close
2021-06-21,73.3,USD,Global,market_close
2021-06-22,73.29,USD,Global,market_close
2021-06-23,73.25,USD,Global,market_close
2021-06-24,73.41,USD,Global,market_close
2021-06-25,72.85,USD,Global,market_close
2021-06-28,72.56,USD,Global,market_close
2021-06-29,72.73,USD,Global,market_close
2021-06-30,72.78,USD,Global,market_close
2021-07-01,72.86,USD,Global,market_close
2021-07-02,73.56,USD,Global,market_close
2021-07-05,73.88,USD,Global,market_close
2021-07-06,73.99,USD,Global,market_close
2021-07-07,73.93,USD,Global,market_close
2021-07-08,73.75,USD,Global,market_close
2021-07-09,73.69,USD,Global,market_close
2021-07-12,73.57,USD,Global,market_close
2021-07-13,73.5,USD,Global,market_close
2021-07-14,73.86,USD,Global,market_close
2021-07-15,73.95,USD,Global,market_close
2021-07-16,73.84,USD,Global,market_close
2021-07-19,73.62,USD,Global,market_close
2021-07-20,73.71,USD,Global,market_close
2021-07-21,73.77,USD,Global,market_close
2021-07-22,73.88,USD,Global,market_close
2021-07-23,73.6,USD,Global,market_close
2021-07-26,73.82,USD,Global,market_close
2021-07-27,74.25,USD,Global,market_close
2021-07-28,74.32,USD,Global,market_close
2021-07-29,74.17,USD,Global,market_close
2021-07-30,74.32,USD,Global,market_close
2021-08-02,74.76,USD,Global,market_close
2021-08-03,74.68,USD,Global,market_close
2021-08-04,74.74,USD,Global,market_close
2021-08-05,74.89,USD,Global,market_close
2021-08-06,74.81,USD,Global,market_close
2021-08-09,74.56,USD,Global,market_close
2021-08-10,74.89,USD,Global,market_close
2021-08-11,74.42,USD,Global,market_close
2021-08-12,74.56,USD,Global,market_close
2021-08-13,74.73,USD,Global,market_close
2021-08-16,74.7,USD,Global,market_close
2021-08-17,74.86,USD,Global,market_close
2021-08-18,74.81,USD,Global,market_close
2021-08-19,75.0,USD,Global,market_close
2021-08-20,75.09,USD,Global,market_close
2021-08-23,74.96,USD,Global,market_close
2021-08-24,74.8,USD,Global,market_close
2021-08-25,74.63,USD,Global,market_close
2021-08-26,74.39,USD,Global,market_close
2021-08-27,74.64,USD,Global,market_close
2021-08-30,74.77,USD,Global,market_close
2021-08-31,74.99,USD,Global,market_close
2021-09-01,74.56,USD,Global,market_close
2021-09-02,74.97,USD,Global,market_close
2021-09-03,75.23,USD,Global,market_close
2021-09-06,75.35,USD,Global,market_close
2021-09-07,75.29,USD,Global,market_close
2021-09-08,75.19,USD,Global,market_close
2021-09-09,74.87,USD,Global,market_close
2021-09-10,74.51,USD,Global,market_close
2021-09-13,74.9,USD,Global,market_close
2021-09-14,75.6,USD,Global,market_close
2021-09-15,75.83,USD,Global,market_close
2021-09-16,75.61,USD,Global,market_close
2021-09-17,75.85,USD,Global,market_close
2021-09-20,75.96,USD,Global,market_close
2021-09-21,76.25,USD,Global,market_close
2021-09-22,76.8,USD,Global,market_close
2021-09-23,76.42,USD,Global,market_close
2021-09-24,76.51,USD,Global,market_close
2021-09-27,76.99,USD,Global,market_close
2021-09-28,77.04,USD,Global,market_close
2021-09-29,76.6,USD,Global,market_close
2021-09-30,76.45,USD,Global,market_close
2021-10-01,75.98,USD,Global,market_close
2021-10-04,75.84,USD,Global,market_close
2021-10-05,76.36,USD,Global,market_close
2021-10-06,76.39,USD,Global,market_close
2021-10-07,76.55,USD,Global,market_close
2021-10-08,76.94,USD,Global,market_close
2021-10-11,77.41,USD,Global,market_close
2021-10-12,77.21,USD,Global,market_close
2021-10-13,76.91,USD,Global,market_close
2021-10-14,76.92,USD,Global,market_close
2021-10-15,76.69,USD,Global,market_close
2021-10-18,76.65,USD,Global,market_close
2021-10-19,76.39,USD,Global,market_close
2021-10-20,76.24,USD,Global,market_close
2021-10-21,76.08,USD,Global,market_close
2021-10-22,76.57,USD,Global,market_close
2021-10-25,76.75,USD,Global,market_close
2021-10-26,77.13,USD,Global,market_close
2021-10-27,76.94,USD,Global,market_close
2021-10-28,76.68,USD,Global,market_close
2021-10-29,76.59,USD,Global,market_close
2021-11-01,76.98,USD,Global,market_close
2021-11-02,76.71,USD,Global,market_close
2021-11-03,77.26,USD,Global,market_close
2021-11-04,77.96,USD,Global,market_close
2021-11-05,78.17,USD,Global,market_close
2021-11-08,78.3,USD,Global,market_close
2021-11-09,78.17,USD,Global,market_close
2021-11-10,77.95,USD,Global,market_close
2021-11-11,78.42,USD,Global,market_close
2021-11-12,78.24,USD,Global,market_close
2021-11-15,77.87,USD,Global,market_close
2021-11-16,78.06,USD,Global,market_close
2021-11-17,78.0,USD,Global,market_close
2021-11-18,78.22,USD,Global,market_close
2021-11-19,78.17,USD,Global,market_close
2021-11-22,78.31,USD,Global,market_close
2021-11-23,78.28,USD,Global,market_close
2021-11-24,78.54,USD,Global,market_close
2021-11-25,78.57,USD,Global,market_close
2021-11-26,78.89,USD,Global,market_close
2021-11-29,79.17,USD,Global,market_close
2021-11-30,79.12,USD,Global,market_close
2021-12-01,78.97,USD,Global,market_close
2021-12-02,79.16,USD,Global,market_close
2021-12-03,78.77,USD,Global,market_close
2021-12-06,79.24,USD,Global,market_close
2021-12-07,79.5,USD,Global,market_close
2021-12-08,79.68,USD,Global,market_close
2021-12-09,79.02,USD,Global,market_close
2021-12-10,78.75,USD,Global,market_close
2021-12-13,78.69,USD,Global,market_close
2021-12-14,78.24,USD,Global,market_close
2021-12-15,78.23,USD,Global,market_close
2021-12-16,78.68,USD,Global,market_close
2021-12-17,78.44,USD,Global,market_close
2021-12-20,79.08,USD,Global,market_close
2021-12-21,78.44,USD,Global,market_close
2021-12-22,78.47,USD,Global,market_close
2021-12-23,78.23,USD,Global,market_close
2021-12-24,78.7,USD,Global,market_close
2021-12-27,79.02,USD,Global,market_close
2021-12-28,78.77,USD,Global,market_close
2021-12-29,78.71,USD,Global,market_close
2021-12-30,78.56,USD,Global,market_close
2021-12-31,78.61,USD,Global,market_close
2022-01-03,79.23,USD,Global,market_close
2022-01-04,79.11,USD,Global,market_close
2022-01-05,79.06,USD,Global,market_close
2022-01-06,78.88,USD,Global,market_close
2022-01-07,79.05,USD,Global,market_close
2022-01-10,79.14,USD,Global,market_close
2022-01-11,79.09,USD,Global,market_close
2022-01-12,79.4,USD,Global,market_close
2022-01-13,79.8,USD,Global,market_close
2022-01-14,80.4,USD,Global,market_close
2022-01-17,80.31,USD,Global,market_close
2022-01-18,80.46,USD,Global,market_close
2022-01-19,80.41,USD,Global,market_close
2022-01-20,80.81,USD,Global,market_close
2022-01-21,80.78,USD,Global,market_close
2022-01-24,81.57,USD,Global,market_close
2022-01-25,81.57,USD,Global,market_close
2022-01-26,81.71,USD,Global,market_close
2022-01-27,81.31,USD,Global,market_close
2022-01-28,81.6,USD,Global,market_close
2022-01-31,81.24,USD,Global,market_close
2022-02-01,81.6,USD,Global,market_close
2022-02-02,82.11,USD,Global,market_close
2022-02-03,82.05,USD,Global,market_close
2022-02-04,82.07,USD,Global,market_close
2022-02-07,82.18,USD,Global,market_close
2022-02-08,82.47,USD,Global,market_close
2022-02-09,82.46,USD,Global,market_close
2022-02-10,82.14,USD,Global,market_close
2022-02-11,81.98,USD,Global,market_close
2022-02-14,81.88,USD,Global,market_close
2022-02-15,82.19,USD,Global,market_close
2022-02-16,81.51,USD,Global,market_close
2022-02-17,81.14,USD,Global,market_close
2022-02-18,80.67,USD,Global,market_close
2022-02-21,80.61,USD,Global,market_close
2022-02-22,80.77,USD,Global,market_close
2022-02-23,80.53,USD,Global,market_close
2022-02-24,80.69,USD,Global,market_close
2022-02-25,80.6,USD,Global,market_close
2022-02-28,80.52,USD,Global,market_close
2022-03-01,80.87,USD,Global,market_close
2022-03-02,80.8,USD,Global,market_close
2022-03-03,80.7,USD,Global,market_close
2022-03-04,80.78,USD,Global,market_close
2022-03-07,81.22,USD,Global,market_close
2022-03-08,81.68,USD,Global,market_close
2022-03-09,82.0,USD,Global,market_close
2022-03-10,81.93,USD,Global,market_close
2022-03-11,82.17,USD,Global,market_close
2022-03-14,82.86,USD,Global,market_close
2022-03-15,83.17,USD,Global,market_close
2022-03-16,82.85,USD,Global,market_close
2022-03-17,82.44,USD,Global,market_close
2022-03-18,82.5,USD,Global,market_close
2022-03-21,82.14,USD,Global,market_close
2022-03-22,82.2,USD,Global,market_close
2022-03-23,82.1,USD,Global,market_close
2022-03-24,81.38,USD,Global,market_close
2022-03-25,81.84,USD,Global,market_close
2022-03-28,81.42,USD,Global,market_close
2022-03-29,81.21,USD,Global,market_close
2022-03-30,80.9,USD,Global,market_close
2022-03-31,80.56,USD,Global,market_close
2022-04-01,80.65,USD,Global,market_close
2022-04-04,80.46,USD,Global,market_close
2022-04-05,80.52,USD,Global,market_close
2022-04-06,80.88,USD,Global,market_close
2022-04-07,81.28,USD,Global,market_close
2022-04-08,81.49,USD,Global,market_close
2022-04-11,81.67,USD,Global,market_close
2022-04-12,82.02,USD,Global,market_close
2022-04-13,81.85,USD,Global,market_close
2022-04-14,81.82,USD,Global,market_close
2022-04-15,81.74,USD,Global,market_close
2022-04-18,81.86,USD,Global,market_close
2022-04-19,81.75,USD,Global,market_close
2022-04-20,81.29,USD,Global,market_close
2022-04-21,80.9,USD,Global,market_close
2022-04-22,80.74,USD,Global,market_close
2022-04-25,80.56,USD,Global,market_close
2022-04-26,80.4,USD,Global,market_close
2022-04-27,80.11,USD,Global,market_close
2022-04-28,79.98,USD,Global,market_close
2022-04-29,79.74,USD,Global,market_close
2022-05-02,79.85,USD,Global,market_close
2022-05-03,80.17,USD,Global,market_close
2022-05-04,80.21,USD,Global,market_close
2022-05-05,80.72,USD,Global,market_close
2022-05-06,80.62,USD,Global,market_close
2022-05-09,80.58,USD,Global,market_close
2022-05-10,80.73,USD,Global,market_close
2022-05-11,80.84,USD,Global,market_close
2022-05-12,80.49,USD,Global,market_close
2022-05-13,81.01,USD,Global,market_close
2022-05-16,80.84,USD,Global,market_close
2022-05-17,80.85,USD,Global,market_close
2022-05-18,80.84,USD,Global,market_close
2022-05-19,80.81,USD,Global,market_close
2022-05-20,80.88,USD,Global,market_close
2022-05-23,81.27,USD,Global,market_close
2022-05-24,81.45,USD,Global,market_close
2022-05-25,81.03,USD,Global,market_close
2022-05-26,80.97,USD,Global,market_close
2022-05-27,80.61,USD,Global,market_close
2022-05-30,80.54,USD,Global,market_close
2022-05-31,80.62,USD,Global,market_close
2022-06-01,80.32,USD,Global,market_close
2022-06-02,80.47,USD,Global,market_close
2022-06-03,79.9,USD,Global,market_close
2022-06-06,79.94,USD,Global,market_close
2022-06-07,79.32,USD,Global,market_close
2022-06-08,79.1,USD,Global,market_close
2022-06-09,79.7,USD,Global,market_close
2022-06-10,79.26,USD,Global,market_close
2022-06-13,79.94,USD,Global,market_close
2022-06-14,80.05,USD,Global,market_close
2022-06-15,80.06,USD,Global,market_close
2022-06-16,80.2,USD,Global,market_close
2022-06-17,80.36,USD,Global,market_close
2022-06-20,80.39,USD,Global,market_close
2022-06-21,79.93,USD,Global,market_close
2022-06-22,79.26,USD,Global,market_close
2022-06-23,79.02,USD,Global,market_close
2022-06-24,79.15,USD,Global,market_close
2022-06-27,78.88,USD,Global,market_close
2022-06-28,78.59,USD,Global,market_close
2022-06-29,78.61,USD,Global,market_close
2022-06-30,78.48,USD,Global,market_close
2022-07-01,79.01,USD,Global,market_close
2022-07-04,79.24,USD,Global,market_close
2022-07-05,79.28,USD,Global,market_close
2022-07-06,78.93,USD,Global,market_close
2022-07-07,78.75,USD,Global,market_close
2022-07-08,78.19,USD,Global,market_close
2022-07-11,78.04,USD,Global,market_close
2022-07-12,77.91,USD,Global,market_close
2022-07-13,78.08,USD,Global,market_close
2022-07-14,77.93,USD,Global,market_close
2022-07-15,78.11,USD,Global,market_close
2022-07-18,78.06,USD,Global,market_close
2022-07-19,78.04,USD,Global,market_close
2022-07-20,78.34,USD,Global,market_close
2022-07-21,78.44,USD,Global,market_close
2022-07-22,78.56,USD,Global,market_close
2022-07-25,78.1,USD,Global,market_close
2022-07-26,78.13,USD,Global,market_close
2022-07-27,77.7,USD,Global,market_close
2022-07-28,77.83,USD,Global,market_close
2022-07-29,78.2,USD,Global,market_close
2022-08-01,77.4,USD,Global,market_close
2022-08-02,77.79,USD,Global,market_close
2022-08-03,77.5,USD,Global,market_close
2022-08-04,77.58,USD,Global,market_close
2022-08-05,77.84,USD,Global,market_close
2022-08-08,78.06,USD,Global,market_close
2022-08-09,77.91,USD,Global,market_close
2022-08-10,77.92,USD,Global,market_close
2022-08-11,77.86,USD,Global,market_close
2022-08-12,77.58,USD,Global,market_close
2022-08-15,77.53,USD,Global,market_close
2022-08-16,76.87,USD,Global,market_close
2022-08-17,77.23,USD,Global,market_close
2022-08-18,77.38,USD,Global,market_close
2022-08-19,77.72,USD,Global,market_close
2022-08-22,77.48,USD,Global,market_close
2022-08-23,77.32,USD,Global,market_close
2022-08-24,77.13,USD,Global,market_close
2022-08-25,76.73,USD,Global,market_close
2022-08-26,76.84,USD,Global,market_close
2022-08-29,76.54,USD,Global,market_close
2022-08-30,76.44,USD,Global,market_close
2022-08-31,76.33,USD,Global,market_close
2022-09-01,76.65,USD,Global,market_close
2022-09-02,76.72,USD,Global,market_close
2022-09-05,76.47,USD,Global,market_close
2022-09-06,76.79,USD,Global,market_close
2022-09-07,76.67,USD,Global,market_close
2022-09-08,76.62,USD,Global,market_close
2022-09-09,76.71,USD,Global,market_close
2022-09-12,76.14,USD,Global,market_close
2022-09-13,76.04,USD,Global,market_close
2022-09-14,75.54,USD,Global,market_close
2022-09-15,75.06,USD,Global,market_close
2022-09-16,75.11,USD,Global,market_close
2022-09-19,74.88,USD,Global,market_close
2022-09-20,74.94,USD,Global,market_close
2022-09-21,74.62,USD,Global,market_close
2022-09-22,74.25,USD,Global,market_close
2022-09-23,74.61,USD,Global,market_close
2022-09-26,74.67,USD,Global,market_close
2022-09-27,74.3,USD,Global,market_close
2022-09-28,74.93,USD,Global,market_close
2022-09-29,74.67,USD,Global,market_close
2022-09-30,75.01,USD,Global,market_close
2022-10-03,74.67,USD,Global,market_close
2022-10-04,74.5,USD,Global,market_close
2022-10-05,74.67,USD,Global,market_close
2022-10-06,75.11,USD,Global,market_close
2022-10-07,74.92,USD,Global,market_close
2022-10-10,75.11,USD,Global,market_close
2022-10-11,75.23,USD,Global,market_close
2022-10-12,74.86,USD,Global,market_close
2022-10-13,74.92,USD,Global,market_close
2022-10-14,74.58,USD,Global,market_close
2022-10-17,74.8,USD,Global,market_close
2022-10-18,74.91,USD,Global,market_close
2022-10-19,74.73,USD,Global,market_close
2022-10-20,74.89,USD,Global,market_close
2022-10-21,75.19,USD,Global,market_close
2022-10-24,75.39,USD,Global,market_close
2022-10-25,75.34,USD,Global,market_close
2022-10-26,74.9,USD,Global,market_close
2022-10-27,74.36,USD,Global,market_close
2022-10-28,74.62,USD,Global,market_close
2022-10-31,74.85,USD,Global,market_close
2022-11-01,74.79,USD,Global,market_close
2022-11-02,74.33,USD,Global,market_close
2022-11-03,74.23,USD,Global,market_close
2022-11-04,74.46,USD,Global,market_close
2022-11-07,74.5,USD,Global,market_close
2022-11-08,74.83,USD,Global,market_close
2022-11-09,74.89,USD,Global,market_close
2022-11-10,74.74,USD,Global,market_close
2022-11-11,74.77,USD,Global,market_close
2022-11-14,74.55,USD,Global,market_close
2022-11-15,75.68,USD,Global,market_close
2022-11-16,75.81,USD,Global,market_close
2022-11-17,75.73,USD,Global,market_close
2022-11-18,75.97,USD,Global,market_close
2022-11-21,75.7,USD,Global,market_close
2022-11-22,76.24,USD,Global,market_close
2022-11-23,75.65,USD,Global,market_close
2022-11-24,76.04,USD,Global,market_close
2022-11-25,76.07,USD,Global,market_close
2022-11-28,75.85,USD,Global,market_close
2022-11-29,76.1,USD,Global,market_close
2022-11-30,76.09,USD,Global,market_close
2022-12-01,76.12,USD,Global,market_close
2022-12-02,76.27,USD,Global,market_close
2022-12-05,76.31,USD,Global,market_close
2022-12-06,76.79,USD,Global,market_close
2022-12-07,76.8,USD,Global,market_close
2022-12-08,76.75,USD,Global,market_close
2022-12-09,76.95,USD,Global,market_close
2022-12-12,76.81,USD,Global,market_close
2022-12-13,76.57,USD,Global,market_close
2022-12-14,76.73,USD,Global,market_close
2022-12-15,77.01,USD,Global,market_close
2022-12-16,77.3,USD,Global,market_close
2022-12-19,76.81,USD,Global,market_close
2022-12-20,76.9,USD,Global,market_close
2022-12-21,77.13,USD,Global,market_close
2022-12-22,77.67,USD,Global,market_close
2022-12-23,77.51,USD,Global,market_close
2022-12-26,77.18,USD,Global,market_close
2022-12-27,77.18,USD,Global,market_close
2022-12-28,77.59,USD,Global,market_close
2022-12-29,77.74,USD,Global,market_close
2022-12-30,78.38,USD,Global,market_close
2023-01-02,78.17,USD,Global,market_close
2023-01-03,78.56,USD,Global,market_close
2023-01-04,78.61,USD,Global,market_close
2023-01-05,78.63,USD,Global,market_close
2023-01-06,79.43,USD,Global,market_close
2023-01-09,80.14,USD,Global,market_close
2023-01-10,80.38,USD,Global,market_close
2023-01-11,80.31,USD,Global,market_close
2023-01-12,80.03,USD,Global,market_close
2023-01-13,79.96,USD,Global,market_close
2023-01-16,80.33,USD,Global,market_close
2023-01-17,79.96,USD,Global,market_close
2023-01-18,80.07,USD,Global,market_close
2023-01-19,80.69,USD,Global,market_close
2023-01-20,80.98,USD,Global,market_close
2023-01-23,81.27,USD,Global,market_close
2023-01-24,80.75,USD,Global,market_close
2023-01-25,80.48,USD,Global,market_close
2023-01-26,80.86,USD,Global,market_close
2023-01-27,80.76,USD,Global,market_close
2023-01-30,80.51,USD,Global,market_close
2023-01-31,81.07,USD,Global,market_close
2023-02-01,81.18,USD,Global,market_close
2023-02-02,81.73,USD,Global,market_close
2023-02-03,82.12,USD,Global,market_close
2023-02-06,81.6,USD,Global,market_close
2023-02-07,82.3,USD,Global,market_close
2023-02-08,82.72,USD,Global,market_close
2023-02-09,82.99,USD,Global,market_close
2023-02-10,82.88,USD,Global,market_close
2023-02-13,82.81,USD,Global,market_close
2023-02-14,82.57,USD,Global,market_close
2023-02-15,82.72,USD,Global,market_close
2023-02-16,82.4,USD,Global,market_close
2023-02-17,81.95,USD,Global,market_close
2023-02-20,81.94,USD,Global,market_close
2023-02-21,81.91,USD,Global,market_close
2023-02-22,82.12,USD,Global,market_close
2023-02-23,82.2,USD,Global,market_close
2023-02-24,82.13,USD,Global,market_close
2023-02-27,81.87,USD,Global,market_close
2023-02-28,81.97,USD,Global,market_close
2023-03-01,81.84,USD,Global,market_close
2023-03-02,81.66,USD,Global,market_close
2023-03-03,81.94,USD,Global,market_close
2023-03-06,81.83,USD,Global,market_close
2023-03-07,82.43,USD,Global,market_close
2023-03-08,82.97,USD,Global,market_close
2023-03-09,82.99,USD,Global,market_close
2023-03-10,82.91,USD,Global,market_close
2023-03-13,82.71,USD,Global,market_close
2023-03-14,82.9,USD,Global,market_close
2023-03-15,82.86,USD,Global,market_close
2023-03-16,83.36,USD,Global,market_close
2023-03-17,83.03,USD,Global,market_close
2023-03-20,83.35,USD,Global,market_close
2023-03-21,83.78,USD,Global,market_close
2023-03-22,84.44,USD,Global,market_close
2023-03-23,84.8,USD,Global,market_close
2023-03-24,84.54,USD,Global,market_close
2023-03-27,84.6,USD,Global,market_close
2023-03-28,84.86,USD,Global,market_close
2023-03-29,85.34,USD,Global,market_close
2023-03-30,85.65,USD,Global,market_close
2023-03-31,85.65,USD,Global,market_close
2023-04-03,85.9,USD,Global,market_close
2023-04-04,85.23,USD,Global,market_close
2023-04-05,85.45,USD,Global,market_close
2023-04-06,85.75,USD,Global,market_close
2023-04-07,85.98,USD,Global,market_close
2023-04-10,85.88,USD,Global,market_close
2023-04-11,86.51,USD,Global,market_close
2023-04-12,86.65,USD,Global,market_close
2023-04-13,86.88,USD,Global,market_close
2023-04-14,86.93,USD,Global,market_close
2023-04-17,87.42,USD,Global,market_close
2023-04-18,87.49,USD,Global,market_close
2023-04-19,87.24,USD,Global,market_close
2023-04-20,87.28,USD,Global,market_close
2023-04-21,87.33,USD,Global,market_close
2023-04-24,87.28,USD,Global,market_close
2023-04-25,87.19,USD,Global,market_close
2023-04-26,87.47,USD,Global,market_close
2023-04-27,88.12,USD,Global,market_close
2023-04-28,88.27,USD,Global,market_close
2023-05-01,88.05,USD,Global,market_close
2023-05-02,88.94,USD,Global,market_close
2023-05-03,88.64,USD,Global,market_close
2023-05-04,88.1,USD,Global,market_close
2023-05-05,88.07,USD,Global,market_close
2023-05-08,88.17,USD,Global,market_close
2023-05-09,88.27,USD,Global,market_close
2023-05-10,88.43,USD,Global,market_close
2023-05-11,89.22,USD,Global,market_close
2023-05-12,89.45,USD,Global,market_close
2023-05-15,89.19,USD,Global,market_close
2023-05-16,89.18,USD,Global,market_close
2023-05-17,89.28,USD,Global,market_close
2023-05-18,89.3,USD,Global,market_close
2023-05-19,89.79,USD,Global,market_close
2023-05-22,90.36,USD,Global,market_close
2023-05-23,89.91,USD,Global,market_close
2023-05-24,89.47,USD,Global,market_close
2023-05-25,88.76,USD,Global,market_close
2023-05-26,88.73,USD,Global,market_close
2023-05-29,88.33,USD,Global,market_close
2023-05-30,87.78,USD,Global,market_close
2023-05-31,88.11,USD,Global,market_close
2023-06-01,88.08,USD,Global,market_close
2023-06-02,87.86,USD,Global,market_close
2023-06-05,87.43,USD,Global,market_close
2023-06-06,87.44,USD,Global,market_close
2023-06-07,87.64,USD,Global,market_close
2023-06-08,88.03,USD,Global,market_close
2023-06-09,88.23,USD,Global,market_close
2023-06-12,87.9,USD,Global,market_close
2023-06-13,87.51,USD,Global,market_close
2023-06-14,88.13,USD,Global,market_close
2023-06-15,88.13,USD,Global,market_close
2023-06-16,88.4,USD,Global,market_close
2023-06-19,88.64,USD,Global,market_close
2023-06-20,89.38,USD,Global,market_close
2023-06-21,89.22,USD,Global,market_close
2023-06-22,89.46,USD,Global,market_close
2023-06-23,88.49,USD,Global,market_close
2023-06-26,88.5,USD,Global,market_close
2023-06-27,88.78,USD,Global,market_close
2023-06-28,88.46,USD,Global,market_close
2023-06-29,88.16,USD,Global,market_close
2023-06-30,87.69,USD,Global,market_close
2023-07-03,87.37,USD,Global,market_close
2023-07-04,86.99,USD,Global,market_close
2023-07-05,86.81,USD,Global,market_close
2023-07-06,86.93,USD,Global,market_close
2023-07-07,87.17,USD,Global,market_close
2023-07-10,87.44,USD,Global,market_close
2023-07-11,88.14,USD,Global,market_close
2023-07-12,88.56,USD,Global,market_close
2023-07-13,88.45,USD,Global,market_close
2023-07-14,88.12,USD,Global,market_close
2023-07-17,87.96,USD,Global,market_close
2023-07-18,87.9,USD,Global,market_close
2023-07-19,88.25,USD,Global,market_close
2023-07-20,88.57,USD,Global,market_close
2023-07-21,88.99,USD,Global,market_close
2023-07-24,88.78,USD,Global,market_close
2023-07-25,88.57,USD,Global,market_close
2023-07-26,88.48,USD,Global,market_close
2023-07-27,88.32,USD,Global,market_close
2023-07-28,87.4,USD,Global,market_close
2023-07-31,87.11,USD,Global,market_close
2023-08-01,87.14,USD,Global,market_close
2023-08-02,86.8,USD,Global,market_close
2023-08-03,87.08,USD,Global,market_close
2023-08-04,87.16,USD,Global,market_close
2023-08-07,87.21,USD,Global,market_close
2023-08-08,87.51,USD,Global,market_close
2023-08-09,87.56,USD,Global,market_close
2023-08-10,86.68,USD,Global,market_close
2023-08-11,86.31,USD,Global,market_close
2023-08-14,85.9,USD,Global,market_close
2023-08-15,85.44,USD,Global,market_close
2023-08-16,85.44,USD,Global,market_close
2023-08-17,84.95,USD,Global,market_close
2023-08-18,84.94,USD,Global,market_close
2023-08-21,84.57,USD,Global,market_close
2023-08-22,84.77,USD,Global,market_close
2023-08-23,83.9,USD,Global,market_close
2023-08-24,84.15,USD,Global,market_close
2023-08-25,84.24,USD,Global,market_close
2023-08-28,84.46,USD,Global,market_close
2023-08-29,84.86,USD,Global,market_close
2023-08-30,84.54,USD,Global,market_close
2023-08-31,85.36,USD,Global,market_close
2023-09-01,85.72,USD,Global,market_close
2023-09-04,85.57,USD,Global,market_close
2023-09-05,85.41,USD,Global,market_close
2023-09-06,85.48,USD,Global,market_close
2023-09-07,85.75,USD,Global,market_close
2023-09-08,86.46,USD,Global,market_close
2023-09-11,86.53,USD,Global,market_close
2023-09-12,86.48,USD,Global,market_close
2023-09-13,86.62,USD,Global,market_close
2023-09-14,87.08,USD,Global,market_close
2023-09-15,86.51,USD,Global,market_close
2023-09-18,86.55,USD,Global,market_close
2023-09-19,86.96,USD,Global,market_close
2023-09-20,86.6,USD,Global,market_close
2023-09-21,86.16,USD,Global,market_close
2023-09-22,86.44,USD,Global,market_close
2023-09-25,86.51,USD,Global,market_close
2023-09-26,86.25,USD,Global,market_close
2023-09-27,85.64,USD,Global,market_close
2023-09-28,85.69,USD,Global,market_close
2023-09-29,85.41,USD,Global,market_close
2023-10-02,85.4,USD,Global,market_close
2023-10-03,85.83,USD,Global,market_close
2023-10-04,85.88,USD,Global,market_close
2023-10-05,86.24,USD,Global,market_close
2023-10-06,85.73,USD,Global,market_close
2023-10-09,85.62,USD,Global,market_close
2023-10-10,85.16,USD,Global,market_close
2023-10-11,85.33,USD,Global,market_close
2023-10-12,85.74,USD,Global,market_close
2023-10-13,85.79,USD,Global,market_close
2023-10-16,85.95,USD,Global,market_close
2023-10-17,86.2,USD,Global,market_close
2023-10-18,86.25,USD,Global,market_close
2023-10-19,86.21,USD,Global,market_close
2023-10-20,86.22,USD,Global,market_close
2023-10-23,86.15,USD,Global,market_close
2023-10-24,85.64,USD,Global,market_close
2023-10-25,85.88,USD,Global,market_close
2023-10-26,85.95,USD,Global,market_close
2023-10-27,86.3,USD,Global,market_close
2023-10-30,86.35,USD,Global,market_close
2023-10-31,86.9,USD,Global,market_close
2023-11-01,86.89,USD,Global,market_close
2023-11-02,86.77,USD,Global,market_close
2023-11-03,86.7,USD,Global,market_close
2023-11-06,86.65,USD,Global,market_close
2023-11-07,87.05,USD,Global,market_close
2023-11-08,87.12,USD,Global,market_close
2023-11-09,87.52,USD,Global,market_close
2023-11-10,87.64,USD,Global,market_close
2023-11-13,87.33,USD,Global,market_close
2023-11-14,87.14,USD,Global,market_close
2023-11-15,87.22,USD,Global,market_close
2023-11-16,87.34,USD,Global,market_close
2023-11-17,87.69,USD,Global,market_close
2023-11-20,87.33,USD,Global,market_close
2023-11-21,87.25,USD,Global,market_close
2023-11-22,88.05,USD,Global,market_close
2023-11-23,88.35,USD,Global,market_close
2023-11-24,88.51,USD,Global,market_close
2023-11-27,88.65,USD,Global,market_close
2023-11-28,89.3,USD,Global,market_close
2023-11-29,89.62,USD,Global,market_close
2023-11-30,89.8,USD,Global,market_close
2023-12-01,89.69,USD,Global,market_close
2023-12-04,90.44,USD,Global,market_close
2023-12-05,90.76,USD,Global,market_close
2023-12-06,90.7,USD,Global,market_close
2023-12-07,89.96,USD,Global,market_close
2023-12-08,90.17,USD,Global,market_close
2023-12-11,89.94,USD,Global,market_close
2023-12-12,89.99,USD,Global,market_close
2023-12-13,90.01,USD,Global,market_close
2023-12-14,89.91,USD,Global,market_close
2023-12-15,90.76,USD,Global,market_close
2023-12-18,91.06,USD,Global,market_close
2023-12-19,91.53,USD,Global,market_close
2023-12-20,91.33,USD,Global,market_close
2023-12-21,91.31,USD,Global,market_close
2023-12-22,91.63,USD,Global,market_close
2023-12-25,91.69,USD,Global,market_close
2023-12-26,92.07,USD,Global,market_close
2023-12-27,92.11,USD,Global,market_close
2023-12-28,92.06,USD,Global,market_close
2023-12-29,92.46,USD,Global,market_close
2024-01-01,91.82,USD,Global,market_close
2024-01-02,92.49,USD,Global,market_close
2024-01-03,92.99,USD,Global,market_close
2024-01-04,92.62,USD,Global,market_close
2024-01-05,92.32,USD,Global,market_close
2024-01-08,92.88,USD,Global,market_close
2024-01-09,92.82,USD,Global,market_close
2024-01-10,92.76,USD,Global,market_close
2024-01-11,93.08,USD,Global,market_close
2024-01-12,93.07,USD,Global,market_close
2024-01-15,93.34,USD,Global,market_close
2024-01-16,93.4,USD,Global,market_close
2024-01-17,93.67,USD,Global,market_close
2024-01-18,93.69,USD,Global,market_close
2024-01-19,93.8,USD,Global,market_close
2024-01-22,94.04,USD,Global,market_close
2024-01-23,93.97,USD,Global,market_close
2024-01-24,94.35,USD,Global,market_close
2024-01-25,94.88,USD,Global,market_close
2024-01-26,94.57,USD,Global,market_close
2024-01-29,95.47,USD,Global,market_close
2024-01-30,95.77,USD,Global,market_close
2024-01-31,96.46,USD,Global,market_close
2024-02-01,96.38,USD,Global,market_close
2024-02-02,96.2,USD,Global,market_close
2024-02-05,96.01,USD,Global,market_close
2024-02-06,96.0,USD,Global,market_close
2024-02-07,96.56,USD,Global,market_close
2024-02-08,97.25,USD,Global,market_close
2024-02-09,97.92,USD,Global,market_close
2024-02-12,97.7,USD,Global,market_close
2024-02-13,97.59,USD,Global,market_close
2024-02-14,98.03,USD,Global,market_close
2024-02-15,98.28,USD,Global,market_close
2024-02-16,98.03,USD,Global,market_close
2024-02-19,99.1,USD,Global,market_close
2024-02-20,99.96,USD,Global,market_close
2024-02-21,100.92,USD,Global,market_close
2024-02-22,100.94,USD,Global,market_close
2024-02-23,100.83,USD,Global,market_close
2024-02-26,100.74,USD,Global,market_close
2024-02-27,100.29,USD,Global,market_close
2024-02-28,100.95,USD,Global,market_close
2024-02-29,100.88,USD,Global,market_close
2024-03-01,100.48,USD,Global,market_close
2024-03-04,101.36,USD,Global,market_close
2024-03-05,101.64,USD,Global,market_close
2024-03-06,101.55,USD,Global,market_close
2024-03-07,101.31,USD,Global,market_close
2024-03-08,101.81,USD,Global,market_close
2024-03-11,102.12,USD,Global,market_close
2024-03-12,102.24,USD,Global,market_close
2024-03-13,102.7,USD,Global,market_close
2024-03-14,102.46,USD,Global,market_close
2024-03-15,101.87,USD,Global,market_close
2024-03-18,102.63,USD,Global,market_close
2024-03-19,102.55,USD,Global,market_close
2024-03-20,103.02,USD,Global,market_close
2024-03-21,102.78,USD,Global,market_close
2024-03-22,102.87,USD,Global,market_close
2024-03-25,103.33,USD,Global,market_close
2024-03-26,103.16,USD,Global,market_close
2024-03-27,103.11,USD,Global,market_close
2024-03-28,103.27,USD,Global,market_close
2024-03-29,102.81,USD,Global,market_close
2024-04-01,102.86,USD,Global,market_close
2024-04-02,102.77,USD,Global,market_close
2024-04-03,102.74,USD,Global,market_close
2024-04-04,103.11,USD,Global,market_close
2024-04-05,103.1,USD,Global,market_close
2024-04-08,103.59,USD,Global,market_close
2024-04-09,104.21,USD,Global,market_close
2024-04-10,104.61,USD,Global,market_close
2024-04-11,104.65,USD,Global,market_close
2024-04-12,104.83,USD,Global,market_close
2024-04-15,105.05,USD,Global,market_close
2024-04-16,105.92,USD,Global,market_close
2024-04-17,106.18,USD,Global,market_close
2024-04-18,106.56,USD,Global,market_close
2024-04-19,106.96,USD,Global,market_close
2024-04-22,107.66,USD,Global,market_close
2024-04-23,107.64,USD,Global,market_close
2024-04-24,107.58,USD,Global,market_close
2024-04-25,107.46,USD,Global,market_close
2024-04-26,108.16,USD,Global,market_close
2024-04-29,108.31,USD,Global,market_close
2024-04-30,108.36,USD,Global,market_close
2024-05-01,108.76,USD,Global,market_close
2024-05-02,108.92,USD,Global,market_close
2024-05-03,108.69,USD,Global,market_close
2024-05-06,108.63,USD,Global,market_close
2024-05-07,108.61,USD,Global,market_close
2024-05-08,108.85,USD,Global,market_close
2024-05-09,108.81,USD,Global,market_close
2024-05-10,109.23,USD,Global,market_close
2024-05-13,109.21,USD,Global,market_close
2024-05-14,109.7,USD,Global,market_close
2024-05-15,109.5,USD,Global,market_close
2024-05-16,109.8,USD,Global,market_close
2024-05-17,110.25,USD,Global,market_close
2024-05-20,111.01,USD,Global,market_close
2024-05-21,111.43,USD,Global,market_close
2024-05-22,111.31,USD,Global,market_close
2024-05-23,111.08,USD,Global,market_close
2024-05-24,112.11,USD,Global,market_close
2024-05-27,112.66,USD,Global,market_close
2024-05-28,112.29,USD,Global,market_close
2024-05-29,112.33,USD,Global,market_close
2024-05-30,112.01,USD,Global,market_close
2024-05-31,111.08,USD,Global,market_close
2024-06-03,111.2,USD,Global,market_close
2024-06-04,111.06,USD,Global,market_close
2024-06-05,111.28,USD,Global,market_close
2024-06-06,112.0,USD,Global,market_close
2024-06-07,111.8,USD,Global,market_close
2024-06-10,111.28,USD,Global,market_close
2024-06-11,111.75,USD,Global,market_close
2024-06-12,111.55,USD,Global,market_close
2024-06-13,112.55,USD,Global,market_close
2024-06-14,112.69,USD,Global,market_close
2024-06-17,111.77,USD,Global,market_close
2024-06-18,112.07,USD,Global,market_close
2024-06-19,112.02,USD,Global,market_close
2024-06-20,111.77,USD,Global,market_close
2024-06-21,112.66,USD,Global,market_close
2024-06-24,112.65,USD,Global,market_close
2024-06-25,112.76,USD,Global,market_close
2024-06-26,113.27,USD,Global,market_close
2024-06-27,113.62,USD,Global,market_close
2024-06-28,113.49,USD,Global,market_close
2024-07-01,114.34,USD,Global,market_close
2024-07-02,113.71,USD,Global,market_close
2024-07-03,114.2,USD,Global,market_close
2024-07-04,114.82,USD,Global,market_close
2024-07-05,115.22,USD,Global,market_close
2024-07-08,115.72,USD,Global,market_close
2024-07-09,115.58,USD,Global,market_close
2024-07-10,115.63,USD,Global,market_close
2024-07-11,115.84,USD,Global,market_close
2024-07-12,115.94,USD,Global,market_close
2024-07-15,115.95,USD,Global,market_close
2024-07-16,115.64,USD,Global,market_close
2024-07-17,115.23,USD,Global,market_close
2024-07-18,116.27,USD,Global,market_close
2024-07-19,115.45,USD,Global,market_close
2024-07-22,115.32,USD,Global,market_close
2024-07-23,114.89,USD,Global,market_close
2024-07-24,114.22,USD,Global,market_close
2024-07-25,114.12,USD,Global,market_close
2024-07-26,113.13,USD,Global,market_close
2024-07-29,113.11,USD,Global,market_close
2024-07-30,114.43,USD,Global,market_close
2024-07-31,114.52,USD,Global,market_close
2024-08-01,114.47,USD,Global,market_close
2024-08-02,114.2,USD,Global,market_close
2024-08-05,114.15,USD,Global,market_close
2024-08-06,114.85,USD,Global,market_close
2024-08-07,114.43,USD,Global,market_close
2024-08-08,114.97,USD,Global,market_close
2024-08-09,115.18,USD,Global,market_close
2024-08-12,114.51,USD,Global,market_close
2024-08-13,114.59,USD,Global,market_close
2024-08-14,113.86,USD,Global,market_close
2024-08-15,114.19,USD,Global,market_close
2024-08-16,114.92,USD,Global,market_close
2024-08-19,114.93,USD,Global,market_close
2024-08-20,114.2,USD,Global,market_close
2024-08-21,113.6,USD,Global,market_close
2024-08-22,113.92,USD,Global,market_close
2024-08-23,114.32,USD,Global,market_close
2024-08-26,114.01,USD,Global,market_close
2024-08-27,114.27,USD,Global,market_close
2024-08-28,114.8,USD,Global,market_close
2024-08-29,114.34,USD,Global,market_close
2024-08-30,114.62,USD,Global,market_close
2024-09-02,113.53,USD,Global,market_close
2024-09-03,113.61,USD,Global,market_close
2024-09-04,113.73,USD,Global,market_close
2024-09-05,114.15,USD,Global,market_close
2024-09-06,114.79,USD,Global,market_close
2024-09-09,114.55,USD,Global,market_close
2024-09-10,114.86,USD,Global,market_close
2024-09-11,115.43,USD,Global,market_close
2024-09-12,115.61,USD,Global,market_close
2024-09-13,115.87,USD,Global,market_close
2024-09-16,116.26,USD,Global,market_close
2024-09-17,116.17,USD,Global,market_close
2024-09-18,116.27,USD,Global,market_close
2024-09-19,116.81,USD,Global,market_close
2024-09-20,116.44,USD,Global,market_close
2024-09-23,116.74,USD,Global,market_close
2024-09-24,116.95,USD,Global,market_close
2024-09-25,117.35,USD,Global,market_close
2024-09-26,117.64,USD,Global,market_close
2024-09-27,117.41,USD,Global,market_close
2024-09-30,117.1,USD,Global,market_close
2024-10-01,116.4,USD,Global,market_close
2024-10-02,116.38,USD,Global,market_close
2024-10-03,116.53,USD,Global,market_close
2024-10-04,117.2,USD,Global,market_close
2024-10-07,117.48,USD,Global,market_close
2024-10-08,116.91,USD,Global,market_close
2024-10-09,117.25,USD,Global,market_close
2024-10-10,117.12,USD,Global,market_close
2024-10-11,117.22,USD,Global,market_close
2024-10-14,116.51,USD,Global,market_close
2024-10-15,116.11,USD,Global,market_close
2024-10-16,116.47,USD,Global,market_close
2024-10-17,116.45,USD,Global,market_close
2024-10-18,117.44,USD,Global,market_close
2024-10-21,117.16,USD,Global,market_close
2024-10-22,117.83,USD,Global,market_close
2024-10-23,117.34,USD,Global,market_close
2024-10-24,118.19,USD,Global,market_close
2024-10-25,118.58,USD,Global,market_close
2024-10-28,118.86,USD,Global,market_close
2024-10-29,118.79,USD,Global,market_close
2024-10-30,119.66,USD,Global,market_close
2024-10-31,119.3,USD,Global,market_close
2024-11-01,119.26,USD,Global,market_close
2024-11-04,120.29,USD,Global,market_close
2024-11-05,120.26,USD,Global,market_close
2024-11-06,120.02,USD,Global,market_close
2024-11-07,120.6,USD,Global,market_close
2024-11-08,121.16,USD,Global,market_close
2024-11-11,121.39,USD,Global,market_close
2024-11-12,121.46,USD,Global,market_close
2024-11-13,120.47,USD,Global,market_close
2024-11-14,120.21,USD,Global,market_close
2024-11-15,120.52,USD,Global,market_close
2024-11-18,121.22,USD,Global,market_close
2024-11-19,121.39,USD,Global,market_close
2024-11-20,121.41,USD,Global,market_close
2024-11-21,120.79,USD,Global,market_close
2024-11-22,120.75,USD,Global,market_close
2024-11-25,120.65,USD,Global,market_close
2024-11-26,120.43,USD,Global,market_close
2024-11-27,120.47,USD,Global,market_close
2024-11-28,120.56,USD,Global,market_close
2024-11-29,120.09,USD,Global,market_close
2024-12-02,119.36,USD,Global,market_close
2024-12-03,119.66,USD,Global,market_close
2024-12-04,119.82,USD,Global,market_close
2024-12-05,119.84,USD,Global,market_close
2024-12-06,119.57,USD,Global,market_close
2024-12-09,119.86,USD,Global,market_close
2024-12-10,119.95,USD,Global,market_close
2024-12-11,120.3,USD,Global,market_close
2024-12-12,120.71,USD,Global,market_close
2024-12-13,120.06,USD,Global,market_close
2024-12-16,120.76,USD,Global,market_close
2024-12-17,120.95,USD,Global,market_close
2024-12-18,120.01,USD,Global,market_close
2024-12-19,120.38,USD,Global,market_close
2024-12-20,120.64,USD,Global,market_close
2024-12-23,121.37,USD,Global,market_close
2024-12-24,121.32,USD,Global,market_close
2024-12-25,121.64,USD,Global,market_close
2024-12-26,120.77,USD,Global,market_close
2024-12-27,121.6,USD,Global,market_close
2024-12-30,122.13,USD,Global,market_close
2024-12-31,121.61,USD,Global,market_close
2025-01-01,121.76,USD,Global,market_close
2025-01-02,121.85,USD,Global,market_close
2025-01-03,122.39,USD,Global,market_close
2025-01-06,122.73,USD,Global,market_close
2025-01-07,122.3,USD,Global,market_close
2025-01-08,123.12,USD,Global,market_close
2025-01-09,123.19,USD,Global,market_close
2025-01-10,123.56,USD,Global,market_close
2025-01-13,123.57,USD,Global,market_close
2025-01-14,123.38,USD,Global,market_close
2025-01-15,123.75,USD,Global,market_close
2025-01-16,125.03,USD,Global,market_close
2025-01-17,125.16,USD,Global,market_close
2025-01-20,125.3,USD,Global,market_close
2025-01-21,124.88,USD,Global,market_close
2025-01-22,125.68,USD,Global,market_close
2025-01-23,125.9,USD,Global,market_close
2025-01-24,125.35,USD,Global,market_close
2025-01-27,125.3,USD,Global,market_close
2025-01-28,125.54,USD,Global,market_close
2025-01-29,126.87,USD,Global,market_close
2025-01-30,125.57,USD,Global,market_close
2025-01-31,126.11,USD,Global,market_close
2025-02-03,126.26,USD,Global,market_close
2025-02-04,126.47,USD,Global,market_close
2025-02-05,126.17,USD,Global,market_close
2025-02-06,127.08,USD,Global,market_close
2025-02-07,126.27,USD,Global,market_close
2025-02-10,126.71,USD,Global,market_close
2025-02-11,125.59,USD,Global,market_close
2025-02-12,125.95,USD,Global,market_close
2025-02-13,126.53,USD,Global,market_close
2025-02-14,126.53,USD,Global,market_close
2025-02-17,125.92,USD,Global,market_close
2025-02-18,126.41,USD,Global,market_close
2025-02-19,126.86,USD,Global,market_close
2025-02-20,127.21,USD,Global,market_close
2025-02-21,127.71,USD,Global,market_close
2025-02-24,126.73,USD,Global,market_close
2025-02-25,126.36,USD,Global,market_close
2025-02-26,126.36,USD,Global,market_close
2025-02-27,126.2,USD,Global,market_close
2025-02-28,125.42,USD,Global,market_close
2025-03-03,125.13,USD,Global,market_close
2025-03-04,125.39,USD,Global,market_close
2025-03-05,124.98,USD,Global,market_close
2025-03-06,125.33,USD,Global,market_close
2025-03-07,125.35,USD,Global,market_close
2025-03-10,124.83,USD,Global,market_close
2025-03-11,124.7,USD,Global,market_close
2025-03-12,124.78,USD,Global,market_close
2025-03-13,124.89,USD,Global,market_close
2025-03-14,124.66,USD,Global,market_close
2025-03-17,124.52,USD,Global,market_close
2025-03-18,123.64,USD,Global,market_close
2025-03-19,123.3,USD,Global,market_close
2025-03-20,123.71,USD,Global,market_close
2025-03-21,124.46,USD,Global,market_close
2025-03-24,124.61,USD,Global,market_close
2025-03-25,124.16,USD,Global,market_close
2025-03-26,124.23,USD,Global,market_close
2025-03-27,124.77,USD,Global,market_close
2025-03-28,125.09,USD,Global,market_close
2025-03-31,125.2,USD,Global,market_close
2025-04-01,125.2,USD,Global,market_close
2025-04-02,125.39,USD,Global,market_close
2025-04-03,125.71,USD,Global,market_close
2025-04-04,125.71,USD,Global,market_close
2025-04-07,126.34,USD,Global,market_close
2025-04-08,126.45,USD,Global,market_close
2025-04-09,126.13,USD,Global,market_close
2025-04-10,126.37,USD,Global,market_close
2025-04-11,126.48,USD,Global,market_close
2025-04-14,126.93,USD,Global,market_close
2025-04-15,127.19,USD,Global,market_close
2025-04-16,126.99,USD,Global,market_close
2025-04-17,127.41,USD,Global,market_close
2025-04-18,127.13,USD,Global,market_close
2025-04-21,127.08,USD,Global,market_close
2025-04-22,126.57,USD,Global,market_close
2025-04-23,127.17,USD,Global,market_close
2025-04-24,128.13,USD,Global,market_close
2025-04-25,128.19,USD,Global,market_close
2025-04-28,128.33,USD,Global,market_close
2025-04-29,128.85,USD,Global,market_close
2025-04-30,128.54,USD,Global,market_close
2025-05-01,128.75,USD,Global,market_close
2025-05-02,128.3,USD,Global,market_close
2025-05-05,128.63,USD,Global,market_close
2025-05-06,128.5,USD,Global,market_close
2025-05-07,128.26,USD,Global,market_close
2025-05-08,128.21,USD,Global,market_close
2025-05-09,127.23,USD,Global,market_close
2025-05-12,126.34,USD,Global,market_close
2025-05-13,126.92,USD,Global,market_close
2025-05-14,126.85,USD,Global,market_close
2025-05-15,126.49,USD,Global,market_close
2025-05-16,126.65,USD,Global,market_close
2025-05-19,126.43,USD,Global,market_close
2025-05-20,125.58,USD,Global,market_close
2025-05-21,125.35,USD,Global,market_close
2025-05-22,126.09,USD,Global,market_close
2025-05-23,126.01,USD,Global,market_close
2025-05-26,126.17,USD,Global,market_close
2025-05-27,126.85,USD,Global,market_close
2025-05-28,127.28,USD,Global,market_close
2025-05-29,127.37,USD,Global,market_close
2025-05-30,127.42,USD,Global,market_close
2025-06-02,127.58,USD,Global,market_close
2025-06-03,128.45,USD,Global,market_close
2025-06-04,128.54,USD,Global,market_close
2025-06-05,128.91,USD,Global,market_close
2025-06-06,127.81,USD,Global,market_close
2025-06-09,128.13,USD,Global,market_close
2025-06-10,128.08,USD,Global,market_close
2025-06-11,127.92,USD,Global,market_close
2025-06-12,128.89,USD,Global,market_close
2025-06-13,129.57,USD,Global,market_close
2025-06-16,128.91,USD,Global,market_close
2025-06-17,128.84,USD,Global,market_close
2025-06-18,128.81,USD,Global,market_close
2025-06-19,128.32,USD,Global,market_close
2025-06-20,127.73,USD,Global,market_close
2025-06-23,128.34,USD,Global,market_close
2025-06-24,128.31,USD,Global,market_close
2025-06-25,127.81,USD,Global,market_close
2025-06-26,127.97,USD,Global,market_close
2025-06-27,128.41,USD,Global,market_close
2025-06-30,128.48,USD,Global,market_close
2025-07-01,128.72,USD,Global,market_close
2025-07-02,129.55,USD,Global,market_close
2025-07-03,129.54,USD,Global,market_close
2025-07-04,130.26,USD,Global,market_close
2025-07-07,129.21,USD,Global,market_close
2025-07-08,129.18,USD,Global,market_close
2025-07-09,129.36,USD,Global,market_close
2025-07-10,128.96,USD,Global,market_close
2025-07-11,128.66,USD,Global,market_close
2025-07-14,128.26,USD,Global,market_close
2025-07-15,127.87,USD,Global,market_close
2025-07-16,128.92,USD,Global,market_close
2025-07-17,128.91,USD,Global,market_close
2025-07-18,128.63,USD,Global,market_close
2025-07-21,127.72,USD,Global,market_close
2025-07-22,127.0,USD,Global,market_close
2025-07-23,126.6,USD,Global,market_close
2025-07-24,126.94,USD,Global,market_close
2025-07-25,127.26,USD,Global,market_close
2025-07-28,126.72,USD,Global,market_close
2025-07-29,127.29,USD,Global,market_close
2025-07-30,127.75,USD,Global,market_close
2025-07-31,128.04,USD,Global,market_close
2025-08-01,128.42,USD,Global,market_close
2025-08-04,128.39,USD,Global,market_close
2025-08-05,128.07,USD,Global,market_close
2025-08-06,127.72,USD,Global,market_close
2025-08-07,128.46,USD,Global,market_close
2025-08-08,128.45,USD,Global,market_close
2025-08-11,127.84,USD,Global,market_close
2025-08-12,128.05,USD,Global,market_close
2025-08-13,128.65,USD,Global,market_close
2025-08-14,128.06,USD,Global,market_close
2025-08-15,127.34,USD,Global,market_close
2025-08-18,128.16,USD,Global,market_close
2025-08-19,128.29,USD,Global,market_close
2025-08-20,127.53,USD,Global,market_close
2025-08-21,126.46,USD,Global,market_close
2025-08-22,127.05,USD,Global,market_close
2025-08-25,127.51,USD,Global,market_close
2025-08-26,128.4,USD,Global,market_close
2025-08-27,128.47,USD,Global,market_close
2025-08-28,129.0,USD,Global,market_close
2025-08-29,129.63,USD,Global,market_close
2025-09-01,128.72,USD,Global,market_close
2025-09-02,129.41,USD,Global,market_close
2025-09-03,129.9,USD,Global,market_close
2025-09-04,129.67,USD,Global,market_close
2025-09-05,128.83,USD,Global,market_close
2025-09-08,128.81,USD,Global,market_close
2025-09-09,128.28,USD,Global,market_close
2025-09-10,128.78,USD,Global,market_close
2025-09-11,129.36,USD,Global,market_close
2025-09-12,129.17,USD,Global,market_close
2025-09-15,128.93,USD,Global,market_close
2025-09-16,128.56,USD,Global,market_close
2025-09-17,129.23,USD,Global,market_close
2025-09-18,129.15,USD,Global,market_close
2025-09-19,128.85,USD,Global,market_close
2025-09-22,128.82,USD,Global,market_close
2025-09-23,129.07,USD,Global,market_close
2025-09-24,129.38,USD,Global,market_close
2025-09-25,130.13,USD,Global,market_close
2025-09-26,129.67,USD,Global,market_close
2025-09-29,129.95,USD,Global,market_close
2025-09-30,130.48,USD,Global,market_close
2025-10-01,130.74,USD,Global,market_close
2025-10-02,129.98,USD,Global,market_close
2025-10-03,130.42,USD,Global,market_close
2025-10-06,130.48,USD,Global,market_close
2025-10-07,130.91,USD,Global,market_close
2025-10-08,130.7,USD,Global,market_close
2025-10-09,130.79,USD,Global,market_close
2025-10-10,129.68,USD,Global,market_close
2025-10-13,130.33,USD,Global,market_close
2025-10-14,130.96,USD,Global,market_close
2025-10-15,131.1,USD,Global,market_close
2025-10-16,132.03,USD,Global,market_close
2025-10-17,131.64,USD,Global,market_close
2025-10-20,131.86,USD,Global,market_close
2025-10-21,132.86,USD,Global,market_close
2025-10-22,133.58,USD,Global,market_close
2025-10-23,133.4,USD,Global,market_close
2025-10-24,132.95,USD,Global,market_close
2025-10-27,133.75,USD,Global,market_close
2025-10-28,133.4,USD,Global,market_close
2025-10-29,134.21,USD,Global,market_close
2025-10-30,134.06,USD,Global,market_close
2025-10-31,134.45,USD,Global,market_close
2025-11-03,135.08,USD,Global,market_close
2025-11-04,133.87,USD,Global,market_close
2025-11-05,134.21,USD,Global,market_close
2025-11-06,133.74,USD,Global,market_close
2025-11-07,133.78,USD,Global,market_close
2025-11-10,134.18,USD,Global,market_close
2025-11-11,134.52,USD,Global,market_close
2025-11-12,134.44,USD,Global,market_close
2025-11-13,134.28,USD,Global,market_close
2025-11-14,133.69,USD,Global,market_close
2025-11-17,133.08,USD,Global,market_close
2025-11-18,133.57,USD,Global,market_close
2025-11-19,132.91,USD,Global,market_close
2025-11-20,132.84,USD,Global,market_close
2025-11-21,132.82,USD,Global,market_close
2025-11-24,133.01,USD,Global,market_close
2025-11-25,132.87,USD,Global,market_close
2025-11-26,132.96,USD,Global,market_close
2025-11-27,133.08,USD,Global,market_close
2025-11-28,133.11,USD,Global,market_close
2025-12-01,133.02,USD,Global,market_close
2025-12-02,132.76,USD,Global,market_close
2025-12-03,131.87,USD,Global,market_close
2025-12-04,131.12,USD,Global,market_close
2025-12-05,130.96,USD,Global,market_close
2025-12-08,130.27,USD,Global,market_close
2025-12-09,130.13,USD,Global,market_close
2025-12-10,130.0,USD,Global,market_close
2025-12-11,130.05,USD,Global,market_close
2025-12-12,129.62,USD,Global,market_close
2025-12-15,129.84,USD,Global,market_close
2025-12-16,130.36,USD,Global,market_close
2025-12-17,130.62,USD,Global,market_close
2025-12-18,130.45,USD,Global,market_close
2025-12-19,130.52,USD,Global,market_close
2025-12-22,130.58,USD,Global,market_close
2025-12-23,130.43,USD,Global,market_close
2025-12-24,131.09,USD,Global,market_close
2025-12-25,130.56,USD,Global,market_close
2025-12-26,130.86,USD,Global,market_close
2025-12-29,131.37,USD,Global,market_close
2025-12-30,131.77,USD,Global,market_close
2025-12-31,131.7,USD,Global,market_close
2026-01-01,131.92,USD,Global,market_close
2026-01-02,131.59,USD,Global,market_close
2026-01-05,132.11,USD,Global,market_close
2026-01-06,131.82,USD,Global,market_close
2026-01-07,131.65,USD,Global,market_close
2026-01-08,131.92,USD,Global,market_close
2026-01-09,131.64,USD,Global,market_close
2026-01-12,131.44,USD,Global,market_close
2026-01-13,132.27,USD,Global,market_close
2026-01-14,132.95,USD,Global,market_close
2026-01-15,133.75,USD,Global,market_close
2026-01-16,133.03,USD,Global,market_close
2026-01-19,133.33,USD,Global,market_close
2026-01-20,133.1,USD,Global,market_close
2026-01-21,134.37,USD,Global,market_close
2026-01-22,134.11,USD,Global,market_close
2026-01-23,133.57,USD,Global,market_close
2026-01-26,134.08,USD,Global,market_close
2026-01-27,133.2,USD,Global,market_close
2026-01-28,133.29,USD,Global,market_close
2026-01-29,131.67,USD,Global,market_close
2026-01-30,132.01,USD,Global,market_close
2026-02-02,132.36,USD,Global,market_close
2026-02-03,132.73,USD,Global,market_close
2026-02-04,132.86,USD,Global,market_close
2026-02-05,132.66,USD,Global,market_close
2026-02-06,132.92,USD,Global,market_close
2026-02-09,132.91,USD,Global,market_close
2026-02-10,132.67,USD,Global,market_close
2026-02-11,133.24,USD,Global,market_close
2026-02-12,133.27,USD,Global,market_close
2026-02-13,133.31,USD,Global,market_close
2026-02-16,133.28,USD,Global,market_close
2026-02-17,133.14,USD,Global,market_close
2026-02-18,133.3,USD,Global,market_close
2026-02-19,132.19,USD,Global,market_close
2026-02-20,132.15,USD,Global,market_close
2026-02-23,131.9,USD,Global,market_close
2026-02-24,131.04,USD,Global,market_close
2026-02-25,131.46,USD,Global,market_close
2026-02-26,132.77,USD,Global,market_close
2026-02-27,132.33,USD,Global,market_close
2026-03-02,132.05,USD,Global,market_close
2026-03-03,132.51,USD,Global,market_close
2026-03-04,132.08,USD,Global,market_close
2026-03-05,131.34,USD,Global,market_close
2026-03-06,131.2,USD,Global,market_close
2026-03-09,130.66,USD,Global,market_close
2026-03-10,131.14,USD,Global,market_close
2026-03-11,130.71,USD,Global,market_close
2026-03-12,130.72,USD,Global,market_close
2026-03-13,130.78,USD,Global,market_close
2026-03-16,130.03,USD,Global,market_close
2026-03-17,130.55,USD,Global,market_close
2026-03-18,130.75,USD,Global,market_close
2026-03-19,131.31,USD,Global,market_close
2026-03-20,131.83,USD,Global,market_close
2026-03-23,132.45,USD,Global,market_close
2026-03-24,132.44,USD,Global,market_close
2026-03-25,133.66,USD,Global,market_close
2026-03-26,133.67,USD,Global,market_close
2026-03-27,133.5,USD,Global,market_close
2026-03-30,133.72,USD,Global,market_close
2026-03-31,134.65,USD,Global,market_close
2026-04-01,134.06,USD,Global,market_close
2026-04-02,134.56,USD,Global,market_close
2026-04-03,133.64,USD,Global,market_close
2026-04-06,133.55,USD,Global,market_close
2026-04-07,133.42,USD,Global,market_close
2026-04-08,133.48,USD,Global,market_close
2026-04-09,133.46,USD,Global,market_close
2026-04-10,135.15,USD,Global,market_close
2026-04-13,136.08,USD,Global,market_close
2026-04-14,135.61,USD,Global,market_close
2026-04-15,136.85,USD,Global,market_close
2026-04-16,136.73,USD,Global,market_close
2026-04-17,136.97,USD,Global,market_close
2026-04-20,136.9,USD,Global,market_close
2026-04-21,136.22,USD,Global,market_close
2026-04-22,135.86,USD,Global,market_close
2026-04-23,135.34,USD,Global,market_close
2026-04-24,134.14,USD,Global,market_close
2026-04-27,135.1,USD,Global,market_close
2026-04-28,134.9,USD,Global,market_close
2026-04-29,135.17,USD,Global,market_close
2026-04-30,134.36,USD,Global,market_close
2026-05-01,134.77,USD,Global,market_close
2026-05-04,134.63,USD,Global,market_close
2026-05-05,134.71,USD,Global,market_close
2026-05-06,134.95,USD,Global,market_close
2026-05-07,135.17,USD,Global,market_close
2026-05-08,135.26,USD,Global,market_close
2026-05-11,135.68,USD,Global,market_close
2026-05-12,136.16,USD,Global,market_close
2026-05-13,136.17,USD,Global,market_close
2026-05-14,136.6,USD,Global,market_close
2026-05-15,136.91,USD,Global,market_close
2026-05-18,137.15,USD,Global,market_close
2026-05-19,136.81,USD,Global,market_close
2026-05-20,136.27,USD,Global,market_close
2026-05-21,137.17,USD,Global,market_close
2026-05-22,137.03,USD,Global,market_close
2026-05-25,138.13,USD,Global,market_close
2026-05-26,137.48,USD,Global,market_close
2026-05-27,137.49,USD,Global,market_close
2026-05-28,137.49,USD,Global,market_close
2026-05-29,137.61,USD,Global,market_close
2026-06-01,137.98,USD,Global,market_close
2026-06-02,136.9,USD,Global,market_close
2026-06-03,136.66,USD,Global,market_close
2026-06-04,138.0,USD,Global,market_close
2026-06-05,137.57,USD,Global,market_close
2026-06-08,137.41,USD,Global,market_close
2026-06-09,137.32,USD,Global,market_close
2026-06-10,137.05,USD,Global,market_close
2026-06-11,137.5,USD,Global,market_close
2026-06-12,138.03,USD,Global,market_close
2026-06-15,138.07,USD,Global,market_close
2026-06-16,137.95,USD,Global,market_close
2026-06-17,138.11,USD,Global,market_close
2026-06-18,137.83,USD,Global,market_close
2026-06-19,138.79,USD,Global,market_close
2026-06-22,138.25,USD,Global,market_close
2026-06-23,138.94,USD,Global,market_close
2026-06-24,138.71,USD,Global,market_close
2026-06-25,138.35,USD,Global,market_close
2026-06-26,136.97,USD,Global,market_close
2026-06-29,136.37,USD,Global,market_close
2026-06-30,137.45,USD,Global,market_close
2026-07-01,137.89,USD,Global,market_close
2026-07-02,138.84,USD,Global,market_close
2026-07-03,138.08,USD,Global,market_close
2026-07-06,138.15,USD,Global,market_close
2026-07-07,137.35,USD,Global,market_close
2026-07-08,136.78,USD,Global,market_close
2026-07-09,137.29,USD,Global,market_close
2026-07-10,137.69,USD,Global,market_close
2026-07-13,137.55,USD,Global,market_close
2026-07-14,136.63,USD,Global,market_close
2026-07-15,136.04,USD,Global,market_close
2026-07-16,136.5,USD,Global,market_close
2026-07-17,136.46,USD,Global,market_close
2026-07-20,136.55,USD,Global,market_close
2026-07-21,136.31,USD,Global,market_close
2026-07-22,136.48,USD,Global,market_close
2026-07-23,136.47,USD,Global,market_close
2026-07-24,136.57,USD,Global,market_close
2026-07-27,136.26,USD,Global,market_close
2026-07-28,136.48,USD,Global,market_close
2026-07-29,136.75,USD,Global,market_close
2026-07-30,137.25,USD,Global,market_close
2026-07-31,137.05,USD,Global,market_close
2026-08-03,137.52,USD,Global,market_close
2026-08-04,137.86,USD,Global,market_close
2026-08-05,137.7,USD,Global,market_close
2026-08-06,137.85,USD,Global,market_close
2026-08-07,137.84,USD,Global,market_close
2026-08-10,137.46,USD,Global,market_close
2026-08-11,136.89,USD,Global,market_close
2026-08-12,137.06,USD,Global,market_close
2026-08-13,137.21,USD,Global,market_close
2026-08-14,137.27,USD,Global,market_close
2026-08-17,136.28,USD,Global,market_close
2026-08-18,136.62,USD,Global,market_close
2026-08-19,136.36,USD,Global,market_close
2026-08-20,137.26,USD,Global,market_close
2026-08-21,136.65,USD,Global,market_close
2026-08-24,135.39,USD,Global,market_close
2026-08-25,136.75,USD,Global,market_close
2026-08-26,137.13,USD,Global,market_close
2026-08-27,136.76,USD,Global,market_close
2026-08-28,137.7,USD,Global,market_close
2026-08-31,137.28,USD,Global,market_close
2026-09-01,136.94,USD,Global,market_close
2026-09-02,137.2,USD,Global,market_close
2026-09-03,137.29,USD,Global,market_close
2026-09-04,137.28,USD,Global,market_close
2026-09-07,141.72,USD,Global,market_close
